{
     "window_0": [
          [
               37.6904296875,
               53.30516052246094,
               1900.931396484375,
               1048.625
          ],
          "None"
     ],
     "desktop_searchbar_0": [
          [
               42.191802978515625,
               1040.27685546875,
               335.65960693359375,
               1078.0196533203125
          ],
          "None"
     ],
     "task_bar_icon_0": [
          [
               584.2586059570312,
               1039.1705322265625,
               629.6563110351562,
               1077.162353515625
          ],
          "None"
     ],
     "task_bar_icon_1": [
          [
               532.8504638671875,
               1040.8397216796875,
               581.0147094726562,
               1077.67724609375
          ],
          "None"
     ],
     "task_bar_icon_2": [
          [
               392.1558837890625,
               1043.454345703125,
               432.35595703125,
               1075.6671142578125
          ],
          "None"
     ],
     "task_bar_icon_3": [
          [
               629.542724609375,
               1038.270751953125,
               684.8626098632812,
               1077.3297119140625
          ],
          "None"
     ],
     "task_bar_icon_4": [
          [
               438.3796081542969,
               1043.94775390625,
               483.01568603515625,
               1076.2841796875
          ],
          "None"
     ],
     "task_bar_icon_5": [
          [
               488.17218017578125,
               1043.052978515625,
               529.5261840820312,
               1076.6937255859375
          ],
          "None"
     ],
     "window_1": [
          [
               0.1570587158203125,
               18.895614624023438,
               233.88043212890625,
               1033.505615234375
          ],
          "None"
     ],
     "icon_0": [
          [
               1890.7401123046875,
               299.8506774902344,
               1920.0,
               356.3855895996094
          ],
          "None"
     ],
     "window_2": [
          [
               1792.134521484375,
               11.024688720703125,
               1919.7755126953125,
               561.4127807617188
          ],
          "None"
     ],
     "window_3": [
          [
               1.75250244140625,
               0.0,
               1862.220703125,
               681.7708740234375
          ],
          "None"
     ],
     "icon_1": [
          [
               1847.61376953125,
               307.5357971191406,
               1916.4658203125,
               358.0767517089844
          ],
          "None"
     ],
     "close_window_0": [
          [
               1888.472900390625,
               39.077178955078125,
               1918.751220703125,
               67.48983764648438
          ],
          "None"
     ],
     "task_bar_0": [
          [
               1234.269287109375,
               0.4178466796875,
               1700.9388427734375,
               32.93719482421875
          ],
          "None"
     ]
}