{
     "window_0": [
          [
               208.6029052734375,
               46.708465576171875,
               1909.9014892578125,
               1077.13427734375
          ],
          "None"
     ],
     "window_1": [
          [
               0.0672454833984375,
               293.5074768066406,
               227.37872314453125,
               1052.3038330078125
          ],
          "None"
     ],
     "close_window_0": [
          [
               1879.13232421875,
               1.817047119140625,
               1918.417236328125,
               32.499481201171875
          ],
          "None"
     ],
     "close_window_1": [
          [
               1886.2056884765625,
               38.50030517578125,
               1918.6607666015625,
               70.31451416015625
          ],
          "None"
     ]
}