{
     "window_0": [
          [
               199.7479248046875,
               42.9931640625,
               1898.6539306640625,
               1072.4622802734375
          ],
          "None"
     ],
     "window_1": [
          [
               0.10565185546875,
               68.92103576660156,
               225.93797302246094,
               1047.57177734375
          ],
          "None"
     ],
     "close_window_0": [
          [
               1879.556396484375,
               1.940277099609375,
               1918.14404296875,
               32.376800537109375
          ],
          "None"
     ],
     "task_bar_0": [
          [
               1182.1600341796875,
               0.04962158203125,
               1695.36083984375,
               32.78118896484375
          ],
          "None"
     ]
}